GCAHCA	-3.82812
ACAKCA	-3.65377
ICAVCA	-3.6357
FCAWCA	-3.57681
DCATCA	-3.57681
DCAKCA	-3.37614
DCAGCA	-3.37614
ACAQCA	-3.28913
MCAWCA	-3.28913
MCATCA	-3.06598
KCAYCA	-3.05493
ECAVCA	-3.05493
KCALCA	-3.01192
FCAQCA	-3.00145
ECAMCA	-3.00145
KCASCA	-3.00145
MCAVCA	-2.98748
ACAWCA	-2.96062
TCAYCA	-2.94082
NCAWCA	-2.9214
LCANCA	-2.9214
RCARCA	-2.9214
HCAVCA	-2.91183
QCASCA	-2.88366
QCARCA	-2.86531
LCAQCA	-2.84729
FCALCA	-2.84729
ACADCA	-2.84284
DCADCA	-2.7783
GCASCA	-2.7783
KCAQCA	-2.74551
PCASCA	-2.74551
ACAHCA	-2.73748
FCATCA	-2.72951
ECALCA	-2.72951
HCATCA	-2.71376
WCAYCA	-2.66052
ECAECA	-2.59598
DCAHCA	-2.59598
ICAWCA	-2.59598
NCARCA	-2.59598
ACAECA	-2.57536
QCAWCA	-2.55516
ECAWCA	-2.53536
ACAYCA	-2.52237
ICAYCA	-2.52237
SCASCA	-2.50649
NCASCA	-2.48818
NCAVCA	-2.48439
NCAPCA	-2.48232
DCARCA	-2.48129
LCAPCA	-2.4782
GCAYCA	-2.46801
ECARCA	-2.44183
QCATCA	-2.44183
SCAVCA	-2.44183
HCAWCA	-2.39531
ACAFCA	-2.39531
LCARCA	-2.3577
ECAGCA	-2.32405
PCAYCA	-2.32405
HCARCA	-2.3083
ICARCA	-2.3083
DCAWCA	-2.27753
KCATCA	-2.26748
GCAPCA	-2.26748
GCAVCA	-2.26748
ICAPCA	-2.24767
FCAVCA	-2.24767
ICATCA	-2.24767
ECAYCA	-2.24767
ECANCA	-2.22826
ECAHCA	-2.21869
DCALCA	-2.19543
KCAWCA	-2.17217
DCAVCA	-2.17217
TCATCA	-2.1699
SCAYCA	-2.16763
ACATCA	-2.16763
ECAKCA	-2.1561
RCAVCA	-2.15415
SCAWCA	-2.14969
RCATCA	-2.14821
FCAGCA	-2.13151
TCAWCA	-2.12338
FCAPCA	-2.12338
LCATCA	-2.09563
ACAPCA	-2.08515
PCATCA	-2.06454
TCAVCA	-2.01866
ECAFCA	-2.00187
ECAQCA	-2.00127
GCATCA	-1.99174
FCASCA	-1.98984
NCATCA	-1.98984
MCAPCA	-1.94902
ECASCA	-1.94539
KCAPCA	-1.94539
PCAQCA	-1.931
HCAPCA	-1.90283
PCAWCA	-1.89591
SCATCA	-1.8761
HCAYCA	-1.87206
DCAYCA	-1.83569
DCAPCA	-1.82922
DCAFCA	-1.82279
RCAYCA	-1.78505
GCARCA	-1.78197
DCAECA	-1.7667
RCAWCA	-1.74868
PCAVCA	-1.74187
FCARCA	-1.70216
PCAPCA	-1.59453
ECATCA	-1.40038
ECAPCA	-1.38268
PCARCA	-1.3386
MCAQCA	10
LCAYCA	10
MCANCA	10
LCAWCA	10
LCASCA	10
LCAVCA	10
KCAKCA	10
KCAMCA	10
KCANCA	10
ICAQCA	10
ICASCA	10
LCALCA	10
KCAVCA	10
LCAMCA	10
KCARCA	10
RCASCA	10
QCAVCA	10
QCAYCA	10
VCAYCA	10
VCAWCA	10
VCAVCA	10
YCAYCA	10
WCAWCA	10
NCAQCA	10
MCAYCA	10
MCARCA	10
MCASCA	10
QCAQCA	10
NCAYCA	10
DCASCA	10
DCAQCA	10
DCAMCA	10
DCAICA	10
DCANCA	10
ECAICA	10
ACALCA	10
ACAICA	10
ACANCA	10
ACAMCA	10
ACAACA	10
ACAGCA	10
ACARCA	10
ACASCA	10
ACAVCA	10
HCAICA	10
HCAKCA	10
GCAWCA	10
HCALCA	10
HCAMCA	10
GCAQCA	10
ICAKCA	10
ICAMCA	10
ICALCA	10
HCAQCA	10
HCANCA	10
HCASCA	10
FCAMCA	10
FCANCA	10
FCAKCA	10
FCAFCA	10
FCAICA	10
FCAHCA	10
GCAKCA	10
GCALCA	10
GCAICA	10
GCANCA	10
GCAMCA	10
GCAGCA	10
FCAYCA	10
