1K5R	FCA29A	MCA19A	3.34242
4N7H	HCA431A	PCA437A	4.2178
1K5R	PCA49B	TCA22A	4.27964
1YWI	KCA21A	TCA27A	4.38638
1YWI	NCA31A	WCA17A	4.42235
4N7H	FCA439A	VCA429A	4.45784
4N7H	ICA440A	TCA447A	4.48815
1YWI	SCA37A	YCA30A	4.49258
2LTX	FCA308A	YCA297A	4.61258
2LTX	TCA306A	VCA299A	4.61366
1YWI	PCA9B	SCA37A	4.62459
2LTX	ICA296A	SCA290A	4.6454
1YWI	RCA26A	SCA22A	4.64593
1K5R	LCA30A	TCA37A	4.66027
1K5R	LCA30A	MCA19A	4.69958
4N7H	FCA438A	WCA449A	4.71963
1K5R	NCA31A	TCA37A	4.74162
4N7H	DCA441A	WCA427A	4.75048
1YWI	WCA39A	YCA28A	4.86483
1YWI	ECA19A	YCA29A	4.89343
2LTX	FCA298A	QCA307A	4.90311
2LTX	FCA298A	TCA306A	5.00356
1YWI	TCA18A	YCA30A	5.01044
2LTX	DCA300A	TCA305A	5.09441
2LTX	DCA300A	RCA304A	5.10397
4N7H	TCA446A	YCA349B	5.13132
2LTX	RCA295A	TCA291A	5.15023
1K5R	KCA21A	RCA27A	5.15074
1K5R	TCA38A	YCA28A	5.1599
4N7H	GCA426A	HCA442A	5.1765
4N7H	ECA428A	ICA440A	5.18953
4N7H	DCA441A	TCA446A	5.20608
1YWI	NCA31A	QCA36A	5.22035
1K5R	NCA31A	TCA36A	5.22577
1K5R	MCA19A	YCA28A	5.24264
2LTX	DCA300A	WCA286A	5.27034
1YWI	ECA33A	MCA16A	5.27522
2LTX	FCA298A	VCA288A	5.27528
1YWI	PCA9B	TCA38A	5.32516
1K5R	PCA42A	TCA38A	5.32967
1YWI	TCA18A	YCA29A	5.3388
4N7H	GCA435A	HCA431A	5.34407
4N7H	FCA439A	TCA448A	5.35082
4N7H	ICA440A	WCA427A	5.35282
2LTX	ECA287A	VCA299A	5.35895
1YWI	MCA16A	TCA32A	5.40001
1YWI	KCA35A	NCA31A	5.40686
4N7H	HCA431A	RCA436A	5.40949
2LTX	TCA305A	VCA299A	5.41472
4N7H	ACA432A	RCA436A	5.43118
2LTX	VCA299A	YCA211B	5.46605
1YWI	TCA38A	YCA29A	5.47008
4N7H	PCA437A	RCA430A	5.48125
1YWI	KCA21A	RCA26A	5.50108
4N7H	GCA426A	NCA443A	5.50276
1K5R	ECA18A	FCA29A	5.52317
1YWI	TCA32A	WCA17A	5.52606
2LTX	RCA289A	YCA297A	5.52761
1YWI	WCA17A	YCA30A	5.54198
1YWI	SCA22A	TCA27A	5.55159
1K5R	ECA18A	LCA30A	5.55546
1YWI	HCA20A	YCA28A	5.56104
4N7H	DCA441A	KCA445A	5.57923
4N7H	FCA439A	TCA447A	5.58608
4N7H	FCA438A	RCA430A	5.61686
2LTX	QCA307A	YCA297A	5.62673
4N7H	DCA441A	TCA447A	5.6326
1K5R	DCA9A	KCA44A	5.64501
1YWI	ECA40A	YCA28A	5.67921
4N7H	FCA438A	VCA429A	5.68107
1YWI	KCA21A	YCA28A	5.6955
2LTX	DCA300A	ECA287A	5.71011
1YWI	SCA22A	YCA28A	5.74129
4N7H	KCA445A	YCA349B	5.75823
1YWI	TCA38A	YCA30A	5.76126
2LTX	RCA295A	SCA290A	5.76798
2LTX	SCA290A	YCA297A	5.76953
1K5R	WCA39A	YCA28A	5.80311
2LTX	GCA285A	HCA301A	5.80711
4N7H	TCA447A	YCA349B	5.81536
4N7H	ECA428A	FCA439A	5.82019
1K5R	FCA29A	TCA38A	5.82865
2LTX	TCA306A	YCA211B	5.85395
4N7H	FCA438A	TCA448A	5.86438
4N7H	HCA442A	WCA427A	5.88193
1YWI	HCA20A	YCA29A	5.8976
1YWI	LCA8B	SCA37A	5.93291
4N7H	FCA438A	HCA431A	5.93397
1K5R	NCA31A	WCA17A	5.94435
4N7H	LCA423A	WCA427A	5.95014
1YWI	QCA36A	YCA30A	5.95553
4N7H	ICA440A	VCA429A	5.96361
2LTX	FCA308A	ICA296A	5.96954
1YWI	WCA39A	YCA29A	5.97612
4N7H	SCA348B	TCA447A	5.99276
1YWI	MCA16A	NCA31A	5.99964
4N7H	LCA423A	RCA453A	6.00296
4N7H	ACA432A	PCA437A	6.04984
1YWI	NCA31A	SCA37A	6.05532
4N7H	ECA351B	PCA347B	6.0871
