CCACCA	1486
KCALCA	1357
GCAPCA	1316
ACALCA	1221
CCARCA	1217
LCALCA	1176
GCALCA	1120
RCARCA	1106
GCAGCA	1106
ICALCA	1061
CCAGCA	1048
KCARCA	1042
PCATCA	1027
ACAGCA	1015
GCARCA	1014
GCAVCA	965
FCALCA	913
GCAKCA	903
GCAICA	882
FCAKCA	873
LCARCA	872
ICAKCA	868
PCAPCA	849
PCARCA	843
LCAVCA	831
FCARCA	810
FCAGCA	805
KCAKCA	804
ACAKCA	781
ICARCA	779
ECALCA	772
RCAVCA	766
CCAPCA	721
ACAACA	696
ACAICA	685
FCAICA	684
LCASCA	684
CCALCA	679
ACACCA	676
PCAYCA	672
GCASCA	669
ECAKCA	654
CCAVCA	648
KCAVCA	647
ACAWCA	647
ICAVCA	638
FCAVCA	632
CCAKCA	629
ECAGCA	619
GCAYCA	618
GCAWCA	611
VCAVCA	610
KCAPCA	609
LCAPCA	602
GCATCA	594
DCAPCA	591
ECAPCA	578
ACAFCA	578
LCAYCA	575
RCAYCA	574
ACARCA	571
RCASCA	568
CCASCA	567
GCANCA	563
ACAVCA	559
PCASCA	558
ECARCA	550
KCASCA	540
RCAWCA	534
LCATCA	533
CCANCA	518
DCAGCA	515
TCAYCA	515
CCAYCA	513
ACAPCA	513
ACASCA	512
RCATCA	510
KCATCA	506
NCAPCA	500
SCAYCA	496
PCAWCA	484
LCAQCA	481
FCASCA	481
CCAICA	480
ACAECA	477
FCAPCA	476
LCANCA	474
ICASCA	472
KCAYCA	471
CCAFCA	470
KCAWCA	466
ECAVCA	464
KCANCA	463
DCARCA	462
CCADCA	459
ECATCA	454
PCAVCA	445
PCAQCA	445
DCAECA	438
LCAWCA	435
VCAWCA	433
ICAPCA	433
ICAICA	431
DCAKCA	429
QCARCA	429
NCASCA	426
SCATCA	421
NCARCA	420
DCALCA	415
ACATCA	415
FCAFCA	411
VCAYCA	408
ECAYCA	405
ECAFCA	402
CCATCA	401
ECASCA	400
GCAQCA	391
ACADCA	387
CCAECA	385
ACANCA	384
ACAYCA	378
KCAQCA	378
SCAVCA	375
DCAVCA	370
WCAWCA	365
ICATCA	364
ECAICA	358
ECANCA	358
FCATCA	356
TCATCA	351
ICANCA	340
FCANCA	337
DCASCA	332
FCAYCA	330
SCASCA	325
DCAICA	322
DCATCA	321
DCAFCA	319
TCAVCA	313
TCAWCA	310
ECAECA	305
CCAHCA	303
YCAYCA	303
ACAQCA	302
DCAYCA	302
NCAYCA	301
WCAYCA	298
NCAVCA	296
GCAHCA	296
ECAQCA	294
HCARCA	293
HCAPCA	286
QCASCA	281
NCATCA	274
FCAQCA	273
ICAYCA	269
GCAMCA	267
ICAWCA	260
CCAWCA	257
HCASCA	249
HCALCA	246
SCAWCA	246
QCAVCA	242
DCAWCA	242
LCAMCA	234
QCATCA	233
FCAWCA	233
DCADCA	232
ICAMCA	227
DCANCA	224
NCANCA	222
NCAWCA	219
ICAQCA	219
QCAYCA	215
ECAWCA	215
ECAHCA	212
ACAHCA	210
HCATCA	206
HCAKCA	203
KCAMCA	197
ACAMCA	197
HCAYCA	194
DCAQCA	193
CCAQCA	192
MCAPCA	188
NCAQCA	187
HCAVCA	178
HCANCA	175
DCAHCA	173
MCAVCA	165
FCAMCA	165
FCAHCA	160
MCARCA	156
QCAWCA	152
MCASCA	146
HCAWCA	139
CCAMCA	138
HCAICA	136
QCAQCA	136
DCAMCA	132
MCAYCA	131
HCAQCA	120
MCATCA	118
ECAMCA	116
MCANCA	104
MCAQCA	101
MCAWCA	88
HCAHCA	79
HCAMCA	70
MCAMCA	57
