1NCP	CCA6N	CCA27C	0.108945
1NCP	QCA33C	TCA12N	0.234885
1NCP	ACA13N	MCA34C	0.24626
1NCP	GCA7N	GCA28C	0.311836
1NCP	HCA11N	HCA32C	0.313581
1NCP	KCA8N	KCA29C	0.347587
1NCP	KCA35C	RCA14N	0.417138
1NCP	DCA36C	NCA15N	0.425472
1NCP	CCA3N	CCA24C	0.440566
1NCP	CCA16N	CCA37C	0.558194
1NCP	GCA10N	GCA31C	0.571823
1NCP	KCA26C	NCA5N	0.654961
1NCP	ECA9N	ECA30C	0.71989
1NCP	FCA4N	WCA25C	0.843588
1NCP	GCA23C	KCA2N	1.15566
7YFS	SCA7A	SCA3A	2.53768
8HZW	SCA7A	SCA3A	2.55899
1RSW	KCA2A	VCA8A	2.73609
1N2Y	CCA15A	GCA11A	3.00757
1NCP	GCA23C	VCA1N	3.14895
1N2Y	CCA1A	GCA11A	3.15435
1NCP	FCA4N	KCA26C	3.19493
1MIC	ACA3B	ACA3A	3.27985
1ZBN	KCA14B	TCA8B	3.28713
2NAY	CCA16A	CCA3A	3.29137
1RT0	DCA5A	SCA9A	3.2947
1QH2	DCA8A	TCA4B	3.30364
7F32	ICA18A	SCA1A	3.30907
1QH2	GCA26B	GCA12B	3.33628
7BZ8	ACA3A	GCA13A	3.33713
1K5R	FCA29A	MCA19A	3.34242
1M23	ECA13A	KCA9A	3.3442
2MQ4	GCA10A	YCA3A	3.35161
7BZ7	GCA13A	VCA3A	3.35426
2LLP	GCA13C	GCA16A	3.37188
7OFG	CCA6A	CCA1A	3.37409
7JS6	GCA6A	SCA13A	3.37475
1QH2	CCA13B	GCA26B	3.38045
1NCP	KCA2N	KCA22C	3.38185
1MA5	CCA12A	CCA7A	3.38215
1DVW	PCA13A	TCA8A	3.39124
1Y49	FCA2A	GCA8A	3.3933
5XIV	CCA20A	CCA8A	3.39835
1MA6	KCA1A	VCA6A	3.40753
2LLP	GCA16C	GCA16B	3.42015
2JQU	GCA8A	GCA2A	3.42142
1N2Y	ACA4A	RCA10A	3.43114
2MQ2	RCA4A	VCA11A	3.43461
1M4E	FCA4A	MCA16A	3.4399
2MZ6	CCA13B	CCA8B	3.44273
3SGN	GCA6B	GCA6A	3.4578
2BAU	GCA10A	SCA6A	3.46423
1HU5	GCA18A	ICA14A	3.46443
7VQH	GCA13A	GCA6A	3.46587
2MXH	ACA2A	GCA16A	3.47039
1PG1	CCA13A	CCA8A	3.47093
1M4E	CCA14A	CCA6A	3.47863
2MQ4	LCA2A	RCA11A	3.49903
1NCP	ECA30C	KCA8N	3.50305
1NCP	CCA3N	WCA25C	3.50675
1QH2	ECA27B	KCA11B	3.50678
1NCP	GCA31C	HCA11N	3.50798
2LLP	GCA16B	GCA16A	3.51913
7BZA	GCA13A	VCA3A	3.52258
2RLH	GCA18A	SCA13A	3.52458
2RSW	ACA9A	FCA4A	3.5307
6KBO	GCA24B	RCA20B	3.53374
2LLP	GCA22C	GCA25A	3.53696
2JT9	KCA22B	RCA17B	3.54276
2EW4	CCA10A	CCA5A	3.55047
2LAJ	ICA487A	PCA493A	3.5506
2N65	GCA15B	GCA16A	3.55291
7F32	CCA12A	CCA7A	3.55447
9BVV	KCA9A	SCA1A	3.55536
7BZA	ACA7A	PCA12A	3.55585
2JQU	GCA2A	SCA6A	3.55952
6M19	GCA13A	VCA3A	3.56811
2DDE	CCA14A	CCA5A	3.57216
1I8E	CCA10A	CCA4A	3.57428
1NCP	RCA17N	TCA38C	3.57582
7BW5	GCA12A	GCA4A	3.5839
2MQ4	GCA10A	RCA4A	3.58948
1NCP	CCA37C	NCA15N	3.59106
1JMQ	FCA29A	MCA19A	3.59151
2MAI	GCA12A	GCA1A	3.59252
7ACB	CCA121B	CCA13A	3.59373
8TXS	PCA6A	SCA11A	3.59637
1BIV	RCA78B	TCA72B	3.5986
3SGP	GCA6B	GCA6A	3.59988
7BZ8	ACA7A	GCA13A	3.6018
5JPL	CCA13A	GCA6A	3.6147
3SGP	GCA6D	GCA6C	3.61473
1YY1	PCA9A	SCA4A	3.62029
2ATG	CCA17A	CCA4A	3.62471
5O0Z	GCA8B	GCA8A	3.6275
7ACB	CCA313D	CCA221C	3.6287
1KUP	KCA8A	TCA16B	3.62942
2N65	GCA16B	GCA15A	3.6439
2LLP	GCA19B	GCA19A	3.64767
8IKQ	CCA11A	CCA4A	3.64795
