CCAGCA	-4.54809
FCAMCA	-3.68874
GCAGCA	-3.59835
GCAVCA	-3.53199
DCAGCA	-3.33981
CCACCA	-3.3165
WCAWCA	-2.63413
GCARCA	-2.59778
GCASCA	-2.2889
FCAYCA	-2.25763
ECAKCA	-2.2326
NCAWCA	-2.2321
MCAMCA	-2.19182
VCAVCA	-2.15475
FCAWCA	-2.13568
GCAQCA	-2.13283
LCAMCA	-2.13206
KCAQCA	-2.12183
MCAVCA	-2.10633
TCAVCA	-2.10155
ACAMCA	-2.05028
ECAICA	-2.04425
LCARCA	-2.02389
ACAWCA	-2.00435
CCAMCA	-1.99734
VCAWCA	-1.92045
WCAYCA	-1.88963
ACAGCA	-1.87204
PCARCA	-1.8616
ICAYCA	-1.86108
HCAPCA	-1.83941
ACAQCA	-1.8388
CCANCA	-1.81877
QCAVCA	-1.76352
QCAYCA	-1.75146
PCASCA	-1.74439
PCAPCA	-1.73988
TCATCA	-1.72593
YCAYCA	-1.7212
MCAQCA	-1.69688
CCAICA	-1.69488
MCANCA	-1.68881
MCAYCA	-1.68055
ECAGCA	-1.67343
GCAPCA	-1.66949
CCAKCA	-1.65741
FCAGCA	-1.62554
HCANCA	-1.62044
KCAMCA	-1.61436
ECAYCA	-1.61385
ECAHCA	-1.58833
ACACCA	-1.58534
GCANCA	-1.57672
NCAQCA	-1.56435
HCAICA	-1.55405
DCALCA	-1.54018
DCAPCA	-1.52818
CCAHCA	-1.51447
TCAWCA	-1.50819
HCAHCA	-1.49315
QCAQCA	-1.48565
DCAICA	-1.48128
ICAQCA	-1.48055
RCATCA	-1.46723
NCASCA	-1.46675
QCAWCA	-1.46655
ECAMCA	-1.46493
HCATCA	-1.45547
DCAWCA	-1.43565
DCAQCA	-1.42299
HCAQCA	-1.41526
FCAICA	-1.40939
DCANCA	-1.39974
MCAWCA	-1.39958
CCAVCA	-1.39542
SCAWCA	-1.39223
ICAMCA	-1.37006
NCAYCA	-1.36878
TCAYCA	-1.36832
FCATCA	-1.36512
CCAQCA	-1.36244
HCAMCA	-1.35343
MCATCA	-1.3487
GCAYCA	-1.34255
LCAVCA	-1.32835
CCAYCA	-1.32818
ACAECA	-1.32788
GCAICA	-1.32678
CCASCA	-1.32375
VCAYCA	-1.32222
ICAICA	-1.31922
SCASCA	-1.30611
HCAWCA	-1.3004
PCAWCA	-1.29351
HCAYCA	-1.29323
FCANCA	-1.29201
SCAYCA	-1.28882
MCASCA	-1.28357
ICAWCA	-1.28239
ECAVCA	-1.28061
ECAPCA	-1.28052
FCAFCA	-1.27945
CCAWCA	-1.26844
QCATCA	-1.26791
ACAHCA	-1.26059
DCAMCA	-1.26052
HCAVCA	-1.2552
NCAVCA	-1.23509
QCASCA	-1.23496
FCAPCA	-1.23467
GCAHCA	-1.23423
FCAHCA	-1.22796
ACAFCA	-1.22714
ICATCA	-1.22494
CCATCA	-1.22404
MCARCA	-1.22284
FCALCA	-1.21442
FCARCA	-1.20839
CCAPCA	-1.20366
QCARCA	-1.18803
ACAVCA	-1.16925
PCATCA	-1.16714
LCAYCA	-1.16681
FCAQCA	-1.16195
GCAWCA	-1.15654
ACAACA	-1.15629
ACAYCA	-1.15504
LCAQCA	-1.15321
NCANCA	-1.15231
DCASCA	-1.14724
DCAYCA	-1.1393
LCAWCA	-1.13389
DCAFCA	-1.13071
HCAKCA	-1.12931
GCAMCA	-1.12135
DCAHCA	-1.1194
DCADCA	-1.11257
ACADCA	-1.10993
GCAKCA	-1.10428
DCATCA	-1.10387
SCATCA	-1.10126
LCALCA	-1.09144
GCALCA	-1.08045
PCAYCA	-1.06345
KCASCA	-1.05855
KCAYCA	-1.05742
ACAICA	-1.0573
HCARCA	-1.05496
NCATCA	-1.05491
ICAKCA	-1.04372
ICAVCA	-1.03706
ACARCA	-1.03487
ECAWCA	-1.03049
FCAVCA	-1.02671
ICASCA	-1.02494
MCAPCA	-1.02366
ECAECA	-1.01903
DCAECA	-1.01755
KCAWCA	-1.01604
FCAKCA	-1.01115
CCADCA	-1.00063
KCAVCA	-0.993201
NCARCA	-0.99304
ECAQCA	-0.99262
KCAKCA	-0.986669
DCARCA	-0.986532
ACATCA	-0.98208
CCAFCA	-0.974244
ICANCA	-0.973308
RCASCA	-0.960193
DCAVCA	-0.959811
ECARCA	-0.957595
CCARCA	-0.951583
ECAFCA	-0.948584
ECASCA	-0.947868
RCAWCA	-0.947409
FCASCA	-0.942919
ICAPCA	-0.936827
DCAKCA	-0.915872
CCAECA	-0.914761
LCANCA	-0.898875
NCAPCA	-0.876844
ACAPCA	-0.873723
GCATCA	-0.868312
ECANCA	-0.858807
KCANCA	-0.858552
ACANCA	-0.855254
LCAPCA	-0.852197
HCALCA	-0.851848
PCAVCA	-0.84728
RCARCA	-0.839251
ECATCA	-0.835155
SCAVCA	-0.833778
PCAQCA	-0.831825
RCAYCA	-0.825972
HCASCA	-0.821448
LCATCA	-0.801671
LCASCA	-0.791878
KCAPCA	-0.788541
ICARCA	-0.787419
ACASCA	-0.783831
RCAVCA	-0.772778
CCALCA	-0.755943
ECALCA	-0.736339
ACALCA	-0.713597
KCATCA	-0.706183
ICALCA	-0.692022
KCALCA	-0.653932
KCARCA	-0.649113
ACAKCA	-0.60295
