FCAGCA	-4.60601
GCAGCA	-4.45651
CCAGCA	-4.16753
CCACCA	-3.25381
ACAGCA	-3.22723
DCAGCA	-2.81806
GCAYCA	-2.66821
ACAKCA	-2.50735
GCATCA	-2.47596
GCAVCA	-2.47073
GCASCA	-2.38957
GCAKCA	-2.35167
GCAHCA	-2.33979
GCAPCA	-2.25564
WCAWCA	-1.97821
ACAACA	-1.9078
CCAPCA	-1.84286
DCAMCA	-1.80596
TCATCA	-1.80113
MCASCA	-1.77025
GCAMCA	-1.72925
SCASCA	-1.72506
GCARCA	-1.69588
CCAQCA	-1.66584
DCAPCA	-1.65401
GCANCA	-1.64216
ACAPCA	-1.59915
GCAWCA	-1.5542
PCAYCA	-1.53604
DCARCA	-1.52448
PCAPCA	-1.46308
VCAVCA	-1.43929
CCAMCA	-1.43122
CCADCA	-1.42169
WCAYCA	-1.41942
CCASCA	-1.41712
CCAWCA	-1.41272
CCARCA	-1.41222
HCAPCA	-1.38996
GCAQCA	-1.31466
FCASCA	-1.27605
GCAICA	-1.26461
FCAFCA	-1.23549
RCAWCA	-1.22459
PCASCA	-1.2072
HCARCA	-1.20423
ICAVCA	-1.19462
QCAWCA	-1.1842
NCANCA	-1.17146
ICAICA	-1.15742
NCAQCA	-1.12255
HCAHCA	-1.12203
CCAHCA	-1.11546
MCAVCA	-1.10478
YCAYCA	-1.10462
HCAWCA	-1.10358
DCANCA	-1.10223
KCASCA	-1.10049
QCATCA	-1.0985
SCATCA	-1.08179
MCAMCA	-1.07827
NCAWCA	-1.0731
ACANCA	-1.06206
PCAQCA	-1.0442
CCAFCA	-1.03111
FCAPCA	-1.02992
CCANCA	-1.02504
CCATCA	-1.024
QCASCA	-0.998576
TCAWCA	-0.990914
NCATCA	-0.986378
ECAGCA	-0.974537
HCATCA	-0.969905
VCAWCA	-0.967786
CCALCA	-0.955101
NCARCA	-0.948595
ECAKCA	-0.948567
ACACCA	-0.948442
HCASCA	-0.938263
KCAPCA	-0.937951
MCAQCA	-0.933067
CCAVCA	-0.922242
PCAVCA	-0.911338
ACAMCA	-0.903103
HCANCA	-0.886575
CCAYCA	-0.886208
ICAYCA	-0.877885
RCASCA	-0.872498
HCAQCA	-0.871764
ECAQCA	-0.868027
ICAMCA	-0.862689
ACAWCA	-0.857497
HCAKCA	-0.853338
FCAMCA	-0.850027
MCATCA	-0.846916
KCAWCA	-0.84595
GCALCA	-0.844255
CCAICA	-0.831858
QCAQCA	-0.809787
MCAYCA	-0.805506
KCAYCA	-0.803633
DCAHCA	-0.803589
RCAYCA	-0.797658
ECAWCA	-0.794213
ACAYCA	-0.788728
ACATCA	-0.78052
MCAWCA	-0.778518
NCAYCA	-0.770987
KCATCA	-0.765209
ICAWCA	-0.763341
ICALCA	-0.755584
HCAMCA	-0.749114
HCAICA	-0.748499
SCAYCA	-0.738273
ECAHCA	-0.736522
ACAECA	-0.729189
HCAVCA	-0.718061
MCANCA	-0.711052
MCAPCA	-0.69375
ICANCA	-0.691694
TCAVCA	-0.691191
HCAYCA	-0.684334
ACASCA	-0.673211
PCAWCA	-0.667984
HCALCA	-0.657125
NCASCA	-0.653115
ECARCA	-0.629677
PCATCA	-0.629454
KCANCA	-0.623637
PCARCA	-0.616791
VCAYCA	-0.614823
FCAVCA	-0.613595
ECATCA	-0.60086
FCARCA	-0.598112
RCARCA	-0.597135
KCAQCA	-0.593703
SCAWCA	-0.590415
FCAICA	-0.588507
CCAKCA	-0.585979
ACAVCA	-0.583807
ECAYCA	-0.571577
ACAHCA	-0.570245
LCAVCA	-0.566238
DCAWCA	-0.559393
LCAPCA	-0.555474
QCAYCA	-0.553148
DCASCA	-0.545933
ECASCA	-0.543521
FCAWCA	-0.536313
MCARCA	-0.534751
DCAQCA	-0.523778
FCALCA	-0.522138
ICATCA	-0.521854
ECAMCA	-0.521435
KCAVCA	-0.518643
CCAECA	-0.514301
FCAQCA	-0.513146
TCAYCA	-0.511123
ACADCA	-0.505377
FCAHCA	-0.495405
ACAICA	-0.490777
DCAKCA	-0.481964
KCAMCA	-0.477834
FCAKCA	-0.476474
FCANCA	-0.469999
NCAPCA	-0.469901
FCAYCA	-0.469486
LCAMCA	-0.467677
KCAKCA	-0.446324
ICAPCA	-0.445723
ECAPCA	-0.442739
DCADCA	-0.44099
ACALCA	-0.437895
LCALCA	-0.434987
ECAVCA	-0.431375
QCARCA	-0.419701
ACAFCA	-0.417494
RCATCA	-0.416474
LCAYCA	-0.415807
ICAQCA	-0.410141
RCAVCA	-0.408205
ICAKCA	-0.407278
ACARCA	-0.403324
SCAVCA	-0.402591
FCATCA	-0.382754
ECANCA	-0.376862
ICARCA	-0.364715
DCATCA	-0.359403
ACAQCA	-0.356784
LCAWCA	-0.356141
KCALCA	-0.351645
ECAECA	-0.348134
QCAVCA	-0.346829
DCAYCA	-0.345084
ECAFCA	-0.336044
ICASCA	-0.329995
DCAVCA	-0.310925
DCAECA	-0.306872
LCASCA	-0.304271
LCAQCA	-0.296156
DCAFCA	-0.29107
NCAVCA	-0.282897
LCARCA	-0.28058
KCARCA	-0.272556
DCAICA	-0.263175
LCATCA	-0.247267
ECALCA	-0.218274
ECAICA	-0.209274
LCANCA	-0.205848
DCALCA	-0.173818