ACALCA	31887
LCAVCA	28764
ACAVCA	25440
GCALCA	24573
ACAGCA	23733
ICALCA	22126
GCAVCA	20688
LCATCA	19531
ECALCA	19522
LCALCA	19167
LCASCA	18904
ACAICA	18349
ICAVCA	18169
LCARCA	17817
ACATCA	17749
DCALCA	17614
ACASCA	17193
FCALCA	16638
TCAVCA	16333
ACAECA	16257
ACADCA	15898
GCAICA	15708
KCALCA	15549
SCAVCA	15439
GCATCA	15283
ACAACA	15270
ACARCA	15054
GCASCA	14958
LCAPCA	14819
ECAVCA	14635
DCAVCA	14254
ACAPCA	13861
LCANCA	13663
RCAVCA	13634
ACAFCA	13612
DCAGCA	13569
LCAQCA	13414
ACAKCA	13296
FCAVCA	13268
LCAYCA	13185
ECAGCA	12720
GCARCA	12583
KCAVCA	12432
VCAVCA	12222
PCAVCA	12112
ICASCA	12108
GCAPCA	11982
FCAGCA	11956
ICATCA	11942
SCATCA	11911
ACANCA	11654
ACAYCA	11488
ECAICA	11423
DCAICA	11233
ACAQCA	11213
NCAVCA	11035
GCANCA	10831
GCAKCA	10816
VCAYCA	10655
DCATCA	10592
FCAICA	10489
GCAGCA	10413
DCASCA	10392
ICAKCA	10390
GCAYCA	10377
ECARCA	10366
ICARCA	10346
ECASCA	10202
ECATCA	10135
QCAVCA	10120
DCARCA	9957
ECAKCA	9791
RCATCA	9622
FCATCA	9600
DCAECA	9537
RCASCA	9495
FCASCA	9409
GCAQCA	9248
PCASCA	9010
PCATCA	8981
DCAKCA	8878
ICAPCA	8869
ICANCA	8797
NCASCA	8771
DCAPCA	8692
DCAFCA	8665
ECAFCA	8619
KCATCA	8599
HCALCA	8516
NCATCA	8473
KCASCA	8411
ICAYCA	8358
ECAPCA	8148
SCAYCA	8055
FCARCA	8050
TCAYCA	8025
PCARCA	7966
DCANCA	7780
DCAYCA	7591
QCASCA	7551
QCATCA	7531
ICAQCA	7520
ACAHCA	7511
FCAKCA	7505
LCAMCA	7504
ECAYCA	7501
FCAPCA	7318
ICAICA	7298
FCAYCA	7220
KCARCA	7191
ECANCA	7180
ECAQCA	7034
HCAVCA	6989
FCANCA	6842
NCARCA	6804
QCARCA	6791
DCAQCA	6772
ACAMCA	6659
RCAYCA	6648
GCAHCA	6609
KCAPCA	6597
KCANCA	6518
PCAYCA	6485
KCAYCA	6436
MCAVCA	6357
LCAWCA	6336
TCATCA	6285
NCAPCA	6283
SCASCA	6135
GCAMCA	6085
FCAQCA	6063
NCAYCA	5973
PCAQCA	5932
KCAQCA	5671
ECAECA	5598
NCAQCA	5485
ACAWCA	5478
QCAYCA	5236
HCAICA	5223
CCALCA	5147
ICAMCA	5036
HCASCA	5014
DCADCA	4972
GCAWCA	4951
DCAHCA	4939
HCATCA	4901
ECAHCA	4761
VCAWCA	4715
RCARCA	4638
CCAGCA	4634
ACACCA	4574
MCATCA	4564
CCAVCA	4468
HCARCA	4391
FCAHCA	4366
MCASCA	4305
KCAKCA	4283
FCAFCA	4242
ECAMCA	4227
HCAPCA	4198
FCAMCA	4158
DCAMCA	4154
MCARCA	4039
PCAPCA	3902
SCAWCA	3857
TCAWCA	3812
HCAKCA	3742
CCATCA	3711
KCAMCA	3656
HCAYCA	3600
CCASCA	3549
ICAWCA	3545
CCAICA	3533
HCANCA	3529
MCAPCA	3516
ECAWCA	3498
HCAQCA	3466
RCAWCA	3442
NCANCA	3390
DCAWCA	3381
MCAYCA	3362
MCANCA	3195
FCAWCA	3169
PCAWCA	3161
CCADCA	3116
YCAYCA	3080
CCAECA	3021
QCAQCA	2902
MCAQCA	2870
NCAWCA	2809
CCARCA	2785
WCAYCA	2765
QCAWCA	2710
CCAFCA	2683
CCAPCA	2669
KCAWCA	2644
CCAKCA	2625
CCANCA	2516
CCAYCA	2414
CCAQCA	2214
HCAMCA	2166
HCAWCA	1870
MCAWCA	1574
CCAHCA	1507
CCAMCA	1480
HCAHCA	1348
CCACCA	1302
CCAWCA	1169
MCAMCA	1141
WCAWCA	810
